Risus In Limited,HBUKJK347M
Dolor Dapibus Gravida Associates,WAOILN448J
A Auctor Ltd,XAMWPJ424E
Eget Ipsum Donec PC,VKIUYG736G
Luctus Ut Pellentesque LLP,QDXLPW435X
A Felis Ullamcorper Incorporated,LDNOJY488G
Dignissim Pharetra Nam LLC,NVFPUR681N
Non Arcu Vivamus Inc.,MZIOXO967S
Dolor Nonummy Corp.,LAXDXS151Q
Feugiat Non Foundation,AAJVPK455H
Ullamcorper Nisl Arcu LLC,NQDRXE160D
Ultrices Iaculis Corp.,HDWWUQ886B
Magna Duis LLC,QFUSDW625P
Et Libero Limited,FSETGY657B
Odio Tristique Pharetra PC,GKHBAU722I
Ante Iaculis Limited,ECSGMN566B
Sagittis Lobortis LLP,PCQSNL527P
Vulputate Eu Consulting,BSKJGS737Q
Quis LLP,GIWUSP615D
Phasellus Inc.,FYGVGF361H
Vitae Risus Institute,YUJSIW288K
Imperdiet Limited,HQDJLP763A
Molestie Arcu Industries,MYQYUT446P
Pellentesque Sed Industries,PJBGSS936K
Nec Imperdiet Corporation,YJDQLL137Z
Lorem Associates,QMVDQP581W
Semper Erat In Corp.,MUCJNB754Z
Magna Lorem Ltd,AGLJPS435I
Integer Sem Corporation,SYVSXR712Y
Pellentesque Sed Dictum Corp.,UGJTVK620N
Odio Auctor LLP,PJULJN316U
Nulla In Tincidunt Incorporated,IJXMQD614L
Vulputate Lacus Industries,MEHGOG533R
Dui Semper Et Corporation,OIHHTN527H
Et Magnis Limited,SYDVGH827M
Nisi Corporation,RSOTVP863J
Arcu Company,OBLGPS381V
Dignissim Lacus Associates,UNPNPD595P
Ac LLP,RUDIYD341U
Justo Praesent Corp.,QHUQZO479K
Mauris Blandit Industries,NGGPLO318Q
Tortor Inc.,MIEUPE544J
Auctor Non Feugiat Institute,GGTVMJ118F
Lobortis Ltd,AQSRTJ668X
In Sodales Elit Consulting,ZRDMDA860P
Vitae Odio Sagittis Inc.,OCHBXL248R
Nunc Ullamcorper Velit LLP,YDGGMF600M
Mi Lorem Corp.,JAXCRZ007B
Diam Sed Industries,FMYUGI441V
Phasellus Limited,BFYWNT758N
Eget Incorporated,UVWGVE748A
Elementum Purus Institute,RFFSJO325W
Erat Vivamus PC,SBENRO515A
In Felis Nulla Ltd,ALLWMD414F
Mattis Integer Company,VHHSSQ422L
Et Tristique Associates,PVHYWH713S
Ligula Donec Corporation,KBTBRT693D
Varius Limited,BRUFUM558O
Fusce Diam Inc.,JTRHLQ691M
Sit Amet Corp.,GAXIEC119E
Quis Arcu Vel Foundation,ZUQIUA963J
Parturient Montes LLP,FSZNUE429B
Fusce Fermentum Corp.,UQJFHW126J
Faucibus Orci Foundation,QCRWKB370H
Iaculis Nec LLC,YBEYEB543D
Ut Odio Vel Company,MOTQPF712N
Lorem Incorporated,BWTRDM732X
Ultrices Iaculis Odio LLC,LLULPT899A
Consectetuer Euismod LLC,DJCBPX444X
Mattis Semper Dui Foundation,KNBVFB631K
Velit Eget Laoreet Company,HYMBZE561M
Sapien Cursus In Associates,RYHXKU873H
Ut Eros Limited,HRBBTT581E
Nulla PC,CETVDD863R
Vestibulum Corporation,BBUHKO065N
Neque Et Ltd,DVWVBF281J
Tempor Arcu Vestibulum Foundation,GISATF481Y
Lorem Limited,UWPCSV758N
Feugiat Placerat Institute,PHFBWN687W
Sed Associates,SCOZBI587N
Justo Praesent Luctus Ltd,QDBNDW919W
Tristique Pellentesque Tellus Limited,UOPUSH558C
Aliquam Ornare Ltd,PMRRKH186R
Amet Faucibus Inc.,PMJYPN861H
Lacus Varius Company,MLGMTV484C
Etiam Gravida Molestie Institute,MSYBMJ127V
Nunc Sollicitudin Commodo Company,QPZCNV274E
Et Rutrum Non Incorporated,YXHQPS168K
Fusce Consulting,OEQMFO549P
Nulla Company,RQUQHG415B
Ac Turpis Corporation,PEMDSQ128R
Velit Corp.,HWVMUG269G
Integer Eu Institute,KQIVVB577I
Sed Est Nunc Corp.,PGTFVX221F
Etiam Bibendum Corp.,YIHIGE273P
Mauris Corp.,CJQYDT283A
Tincidunt Aliquam Institute,ZFHOSE840T
Nam Foundation,UMXNHL781U
Mauris Molestie Pharetra Corp.,GPEVTC721H
Mollis PC,DOVERH524O
Urna Company,WSGDUB783Y
Lacus Industries,QQHJUQ733L
Vitae Aliquam Eros Company,EUYIMO578X
Ipsum Ac LLC,SOTLBC152J
Ornare LLP,GLTWWE166J
Ante Vivamus Non Ltd,JKJKYZ868L
Eget Ipsum Corporation,CFTIFO883U
Libero Foundation,HBIHOW511D
Tellus Id Inc.,BEBWQS563H
Ac Foundation,LYVENR224O
Euismod Ac LLC,JUEJRC126Y
Est Nunc Incorporated,JPLASY883O
Semper Tellus Incorporated,QXEWSI444U
Sed Sapien Ltd,TPMJFR784Y
Lectus A Sollicitudin Foundation,JLFROM979L
Turpis Foundation,LWLXEM574M
Aliquet Odio Associates,OCNAMJ803X
Erat Sed PC,RKIYUU535P
Molestie Limited,XNMMJY884Y
Nec Foundation,HDEPFT754K
Et Institute,CFVKTG339U
Mauris Eu Limited,LGGWHQ231D
Ac Mattis Industries,IGWTWT141E
Magna Malesuada LLC,EFISGF181X
Eget Industries,RBSBWP756L
Tristique Aliquet Corporation,LMGGSC813D
A Associates,ONQREJ016E
Mi Inc.,DDNVLR181F
Dignissim Lacus Aliquam Foundation,SBCDZZ154W
Volutpat Ornare Facilisis Corp.,AVXDMQ738C
A Institute,SJIDJG565W
Et Foundation,TBBDYC382S
A Sollicitudin Orci Limited,ANNNTA232M
Consectetuer Company,HCPPJF249W
Ullamcorper Viverra Maecenas Incorporated,EWMWVM042S
Quam Inc.,PXUKJP646P
Eleifend Nec Institute,CMONNR262G
Ultricies Associates,MDSQOE030T
Urna Ltd,MLEIFN434V
Tempor Augue Ac LLC,MWWRUG502P
Imperdiet Erat Foundation,CFRLCQ757K
Suspendisse Tristique PC,MMRECO806L
Non Nisi PC,NZHYRQ561H
Non Ltd,PSGNGT809K
Ut Incorporated,ZATDEL826R
Eleifend Vitae Erat Incorporated,QRWUZL794M
Mauris Industries,KIHSHA964M
Donec Nibh LLP,QAMRBF352Q
Enim Commodo Ltd,FXSKOF782U
Lobortis Tellus Consulting,UPMHYD263J
Suspendisse Dui Institute,VDTIRN588N
Donec Limited,HGVJTN517W
In Tincidunt Associates,AQNYFN878J
Venenatis Ltd,GITLKC845Y
Accumsan Industries,WUJJIE887S
Elit Dictum Eu Industries,EGEDCB572P
Eu Accumsan PC,NIWRRO193R
Urna Convallis Ltd,YIUGLO933Z
Integer Sem Corp.,OEWWTL620Z
Ut Inc.,HUTACQ787X
Blandit Mattis Cras Foundation,PGBDYD986J
Sed Et Industries,HJBIKC676R
Nec Mauris Associates,VREPUQ042M
Nulla Tincidunt Corporation,NYPUSL138A
Tempus Non Institute,TZKHXG834R
Aliquet Proin Velit Institute,DYLVKY261E
Lacus Quisque Imperdiet Inc.,TXCZVE577I
Augue Malesuada Associates,DTHSNL294Q
Sociis Ltd,SKRBLS339L
Odio Sagittis Incorporated,HEDFSW163S
Gravida Mauris Incorporated,PONMGX167P
Nascetur LLC,XXYLDD136T
Elit Limited,ZVJJJJ708N
Vel Vulputate Company,MBJKTZ464P
Eros Non Institute,HCJCGZ057G
Varius Ultrices Institute,CUQIXL536O
Sem Nulla Limited,MLUCCQ421I
Ullamcorper Magna PC,ZIQRDC888F
Lacus Ltd,KYWCEQ646M
Pede Nonummy Ut Associates,SWLRKW352W
Ut Aliquam PC,IHSBPL336J
Curabitur Egestas Nunc Corp.,BXBUHA263K
Molestie Sed Id Corp.,XZOOZZ688M
Sociis Natoque LLC,TQRNRY430K
Mattis Company,OEUBUN254J
Tempor Est Ac Associates,WTXCCL616Y
A Nunc In Corporation,BTIDHE422M
Ipsum Curabitur Consequat Limited,MDEUVV238A
Velit Egestas Lacinia Institute,OZEVTU413X
Amet Consulting,YUTFNP637H
In At PC,QZYNQV861C
Enim Curabitur Institute,UPOVCT790H
Fusce Foundation,SYJPQC203A
Vel Sapien Institute,KYKIYF435Z
Orci Tincidunt Institute,HXRCFA271S
Senectus Et Corporation,TFMUSO588O
Dolor Sit PC,EOPHNM887R
Orci Quis Institute,URYHWG976F
Est Ac Institute,QPHADJ683R
Laoreet Libero Et Consulting,IBKMKF817E