1,1,Virginia,Jacobson,phasellus.ornare@erosproin.co.uk
2,2,Diana,Michael,duis@adipiscingelitetiam.co.uk
3,3,Edward,Hudson,quis.pede.praesent@adipiscing.com
4,4,Anthony,Orr,vestibulum.nec.euismod@semeget.ca
5,5,Lilah,Guthrie,ultrices.iaculis.odio@eratin.edu
6,6,Lester,Montoya,ligula.consectetuer@fuscefeugiatlorem.net
7,7,Vance,O'brien,duis.cursus@felispurus.co.uk
8,8,Dana,Livingston,semper.dui.lectus@euligula.org
9,9,Ronan,Walls,laoreet.posuere@nuncsedorci.ca
10,10,Michael,Farrell,cras.vehicula@ametmetusaliquam.org
11,11,Bruce,Clay,donec.tincidunt@sedduifusce.ca
12,12,Haviva,Holcomb,elementum.purus@etiamvestibulummassa.org
13,13,Thor,Mason,tincidunt.aliquam@quispede.ca
14,14,Troy,Warren,a.enim@sapiencursus.org
15,15,Amery,Booker,augue@rutrumfusce.org
16,16,Talon,Dudley,facilisis.facilisis@quispede.edu
17,17,Rylee,Stewart,vulputate.lacus.cras@ultriciesadipiscing.org
18,18,Davis,Rivas,egestas@dignissimmaecenasornare.ca
19,19,Jocelyn,Key,nisl.nulla.eu@lobortisaugue.net
20,20,Mariko,Bean,condimentum.donec@posuerecubilia.co.uk
21,21,Jin,Noble,eu.neque@at.com
22,22,Chase,Roach,facilisis.suspendisse@pharetra.edu
23,23,Zia,Mcbride,ut.ipsum@congueelit.org
24,24,Russell,Merrill,aliquam@egetmetus.org
25,25,Whoopi,Winters,porttitor.vulputate@luctus.co.uk
26,26,Tate,Bowen,vitae.purus@orciconsectetuer.net
27,27,Dale,Walter,velit.cras@convallisante.co.uk
28,28,Kiara,Cleveland,vitae.aliquet@blanditenim.ca
29,29,Olivia,Woods,ultrices.sit.amet@nuncsollicitudincommodo.com
30,30,May,Hill,pede.cras@phasellus.edu
31,31,Maite,Baldwin,lectus.pede@acmattisornare.net
32,32,Harrison,Newton,a.magna@phasellusin.edu
33,33,Lois,Smith,nibh.lacinia@tellussuspendisse.co.uk
34,34,Luke,Cohen,cursus.et.eros@non.co.uk
35,35,Beck,Emerson,est.vitae@augueid.co.uk
36,36,Simone,Bridges,diam.vel@dignissimtempor.edu
37,37,Lucas,Mathews,risus.varius@tempusmauriserat.edu
38,38,Rachel,Watts,commodo.at.libero@penatibus.com
39,39,MacKensie,Crane,nulla.in@semmollis.co.uk
40,40,Howard,Barrera,pede.nonummy@fuscedolorquam.org
41,41,Geoffrey,Alvarado,nunc.mauris@hendreritid.edu
42,42,Constance,Livingston,nec.metus@leoelementum.ca
43,43,Beck,Snow,habitant.morbi@duis.com
44,44,Wendy,Caldwell,augue@ullamcorperviverramaecenas.co.uk
45,45,Oren,Russo,sed.consequat.auctor@integervulputate.com
46,46,Jared,Dejesus,justo.praesent@cum.edu
47,47,Bethany,Kim,aliquam.ornare.libero@idmollisnec.org
48,48,Cleo,Bauer,molestie.sed@nullatincidunt.edu
49,49,Christopher,Alston,massa.integer.vitae@montesnasceturridiculus.com
50,50,Lavinia,Booker,a.neque.nullam@mollisduis.org
51,51,Kato,Mclaughlin,bibendum@liberomorbi.co.uk
52,52,Rose,Howell,arcu.morbi.sit@ametornare.com
53,53,Hector,Blackburn,libero.nec@tinciduntaliquam.co.uk
54,54,Jeremy,Watson,facilisis.lorem.tristique@odiovel.ca
55,55,Sonya,Hamilton,suscipit@tellusid.net
56,56,Yardley,Padilla,eget@acsem.ca
57,57,Timon,Henderson,enim.mi@idantedictum.ca
58,58,Rama,Workman,duis.gravida@euismodmauriseu.org
59,59,Malik,Shepard,nulla.eget@maurisblanditmattis.edu
60,60,Lara,Marsh,enim.etiam@interdumligula.edu
61,61,Moses,Cantrell,nunc.quis.arcu@tempusmauris.co.uk
62,62,Wyatt,Hancock,sagittis.lobortis.mauris@vel.com
63,63,Melyssa,Reilly,cursus@aliquetmetus.ca
64,64,Jasper,Strickland,sagittis@erat.com
65,65,Janna,Stark,integer.vitae.nibh@aliquetmetus.ca
66,66,May,Thornton,in.cursus@cumsociisnatoque.edu
67,67,Judah,Hensley,tellus.suspendisse@acfermentumvel.ca
68,68,Martena,Evans,magna.a.neque@elitaliquam.co.uk
69,69,Kim,Meadows,arcu.ac.orci@neque.co.uk
70,70,Mari,Mills,enim.nisl.elementum@cumsociis.edu
71,71,Merritt,Dale,eu.augue@egetvenenatisa.com
72,72,Leah,Wagner,arcu.vestibulum@egestaslacinia.co.uk
73,73,Luke,Davidson,aliquet.odio@fusce.co.uk
74,74,Britanni,Knox,aliquam@elementumdui.com
75,75,Emily,Andrews,taciti@temporeratneque.ca
76,76,Aidan,Smith,ullamcorper.viverra@vitaediamproin.net
77,77,Medge,Garner,parturient.montes.nascetur@ut.co.uk
78,78,Keane,Ward,rutrum.lorem@primisin.org
79,79,Abel,Moon,massa.lobortis.ultrices@pedesagittis.org
80,80,Rachel,Vinson,blandit.at.nisi@cubiliacurae.edu
81,81,Dara,Gordon,mollis@velnisl.net
82,82,Oren,Walker,ipsum.non@sagittissemper.co.uk
83,83,Keaton,Brennan,dignissim.magna@integer.ca
84,84,Eagan,Mcmahon,vehicula.et@metusvitae.com
85,85,Dylan,Mccullough,morbi.quis@orcitincidunt.com
86,86,Mira,Jimenez,tincidunt.donec@ametdapibusid.org
87,87,Vernon,Allen,ante.lectus.convallis@acorci.org
88,88,Upton,O'neill,urna.nunc@mollislectuspede.ca
89,89,Scarlett,Pope,sit.amet@interdumfeugiat.net
90,90,Hillary,Montgomery,turpis@enimcondimentum.edu
91,91,Amethyst,Dennis,consectetuer.rhoncus.nullam@nequeet.ca
92,92,Jesse,Le,aliquet.nec@aliquamerosturpis.ca
93,93,Kennan,Chang,eu@velitjusto.org
94,94,Asher,Kinney,dictum.cursus@afeugiattellus.com
95,95,Quamar,Hester,suspendisse.ac.metus@nam.org
96,96,Mira,Henderson,sit.amet@tempusscelerisque.ca
97,97,Lacota,Mccullough,consectetuer.mauris@purusnullam.ca
98,98,Clinton,Vargas,pharetra.nibh@praesentluctuscurabitur.net
99,99,Demetrius,Workman,nascetur.ridiculus.mus@loremsit.net
100,100,Francis,Combs,lacinia.orci@orciquislectus.com
101,101,Alexa,Greene,eu.lacus@eumetus.co.uk
102,102,Flavia,Hernandez,faucibus@lobortis.edu
103,103,Ila,Becker,mauris.elit@egetvarius.com
104,104,Wallace,Robles,et.commodo.at@tristiquesenectus.net
105,105,Reagan,Ramos,donec@duissit.ca
106,106,Fletcher,Shaffer,et@vitaeposuereat.org
107,107,Megan,Burns,ut.eros.non@interdumfeugiat.com
108,108,Vielka,Bonner,aliquam.tincidunt@aliquet.net
109,109,Fuller,Kirkland,et.tristique@ipsum.org
110,110,Gavin,Goodman,vestibulum.ante@nunclaoreet.co.uk
111,111,Jessica,Ramsey,amet.faucibus@pede.com
112,112,Xanthus,Zamora,quam.elementum.at@augueidante.edu
113,113,Fuller,Tucker,consectetuer.adipiscing@praesentluctuscurabitur.edu
114,114,Samuel,Finch,ante.nunc.mauris@porttitorscelerisque.ca
115,115,Juliet,Gardner,euismod.et.commodo@donec.net
116,116,Kylynn,Raymond,pharetra.felis@erosturpis.ca
117,117,Howard,Morton,sociosqu@duis.net
118,118,Marshall,Barnes,cras.vulputate@dignissimmaecenas.edu
119,119,Jin,Wyatt,dolor.dolor@vehiculaet.com
120,120,Quinlan,Witt,enim@sapienimperdiet.org
121,121,Urielle,Potts,ac@vestibulum.edu
122,122,Leandra,Berger,nec.urna@dolordolor.ca
123,123,Lars,Sweeney,nibh.quisque.nonummy@eu.org
124,124,Owen,Saunders,nulla.in@ultricesposuerecubilia.edu
125,125,Riley,Battle,enim@disparturientmontes.co.uk
126,126,Jillian,O'brien,et.libero.proin@laciniaatiaculis.org
127,127,Kelsey,Singleton,nunc.risus@tristiquepharetra.co.uk
128,128,Selma,Leonard,vitae.sodales@integertinciduntaliquam.ca
129,129,Hashim,Kidd,non@porttitoreros.edu
130,130,Chase,Conner,nisi@turpisegestas.com
131,131,Sylvia,Caldwell,ultrices.mauris@crasdictumultricies.edu
132,132,Macon,Haley,elit.dictum@sodales.com
133,133,Samantha,Rose,tincidunt@laoreetipsumcurabitur.org
134,134,Alika,Osborne,pellentesque.a@vivamus.org
135,135,Darius,Alvarez,maecenas.malesuada.fringilla@aliquam.ca
136,136,Camilla,Frye,vivamus@id.ca
137,137,Carl,Morton,curae.donec@sagittis.edu
138,138,Melinda,Sparks,semper.rutrum@suspendissealiquetmolestie.org
139,139,Oprah,Wade,ut.aliquam@arcuvestibulum.co.uk
140,140,Garrett,Johnson,pharetra.nibh@egestasaliquamnec.edu
141,141,Faith,Mccall,donec@leovivamus.net
142,142,Clare,Horton,turpis.egestas@maecenas.org
143,143,Ina,Bishop,nam.tempor@loremluctusut.edu
144,144,Heidi,Raymond,pretium@fermentumarcu.com
145,145,Burton,Beasley,nulla.semper@euaugue.ca
146,146,Hollee,Munoz,fermentum@nunc.net
147,147,Noble,Pacheco,nunc.in@malesuadamalesuada.com
148,148,Nell,Chambers,magnis@inornare.ca
149,149,Charde,Vaughn,cras.pellentesque@mauris.co.uk
150,150,Wang,Rutledge,imperdiet.ornare@quamelementum.ca
151,151,Amaya,Murray,mollis.nec.cursus@lectusjustoeu.net
152,152,Baxter,Carlson,feugiat.nec@est.com
153,153,Janna,Beard,mus.proin@necdiam.ca
154,154,Troy,Dillard,lacinia.mattis@iaculisenimsit.org
155,155,Connor,Roman,a.purus@famesac.edu
156,156,Quon,Stanton,blandit.congue@estac.com
157,157,Kessie,Ballard,diam.dictum.sapien@natoquepenatibus.co.uk
158,158,Yuli,Schneider,sociis.natoque@amet.net
159,159,Levi,Irwin,curabitur.egestas.nunc@nam.edu
160,160,Ethan,Hayes,velit.eget.laoreet@aliquetproin.org
161,161,Lucas,Santos,sed@faucibus.net
162,162,Hadassah,Rich,tincidunt.orci@aliquamornare.co.uk
163,163,Zena,Andrews,velit.egestas.lacinia@congue.com
164,164,Uma,Mack,porttitor@semperpretium.org
165,165,Karina,Marks,adipiscing.elit@nonnisi.com
166,166,Germaine,Gonzalez,a.felis@atlacus.org
167,167,Alan,Andrews,eleifend.vitae@metusvitaevelit.co.uk
168,168,Lareina,Bird,congue.a@semperet.com
169,169,Yoshio,Hobbs,sed.auctor@idante.ca
170,170,Ariel,Aguirre,auctor.nunc.nulla@risusmorbimetus.net
171,171,Hop,George,sagittis.semper@sem.org
172,172,Halee,Wooten,ornare@mipedenonummy.com
173,173,Isaac,Levine,pede.cras@euplacerat.com
174,174,Wade,Taylor,suspendisse.tristique@posuere.net
175,175,Alisa,Mcmillan,elit.etiam@mi.net
176,176,Elton,Byers,mauris.sit@loremsemper.org
177,177,Merritt,Leonard,lobortis.tellus@ultrices.co.uk
178,178,Zenaida,Hoffman,nam@sitamet.com
179,179,Dahlia,Kennedy,magna@aliquameros.ca
180,180,Deborah,Byers,libero.et@vivamusnisimauris.net
181,181,Nadine,Hernandez,ac.nulla@odioapurus.co.uk
182,182,Quemby,Meyer,natoque.penatibus.et@in.ca
183,183,Hermione,Miles,et.risus@laoreetposuere.com
184,184,Keith,Beck,auctor.odio@diamdictumsapien.ca
185,185,Phoebe,Perez,pede.ac@nonvestibulum.co.uk
186,186,Deborah,Sullivan,morbi.vehicula@uttincidunt.co.uk
187,187,Kibo,Cruz,a@lectusconvallisest.org
188,188,Zenaida,Waters,nisl.quisque@in.edu
189,189,Fulton,Morrison,tortor@dolorsitamet.ca
190,190,Ebony,Hendricks,lobortis.risus@risusvariusorci.net
191,191,Garrison,Prince,auctor.quis.tristique@rhoncusdonecest.org
192,192,Tara,Edwards,ipsum.primis@egestas.ca
193,193,Elizabeth,English,pellentesque.tellus@enimnec.org
194,194,Leigh,Grimes,sed.congue@nullamlobortis.com
195,195,Merrill,Serrano,curabitur@suspendissecommodo.ca
196,196,Todd,Calderon,risus.quis@musproin.net
197,197,Meghan,Hunt,mauris.eu.turpis@laciniavitaesodales.ca
198,198,Zane,William,ipsum@inscelerisquescelerisque.org
199,199,Audra,Holmes,vel.arcu@tellusfaucibus.com
200,200,Brady,Bartlett,mauris.nulla@idsapiencras.edu